{
	"prefix": "gala",
	"info": {
		"name": "Gala Icons",
		"total": 51,
		"author": {
			"name": "Jake Wells",
			"url": "https://github.com/cyberalien/gala-icons"
		},
		"license": {
			"title": "GPL",
			"spdx": "GPL-3.0",
			"url": "https://github.com/cyberalien/gala-icons/blob/main/LICENSE"
		},
		"samples": [
			"brochure",
			"remove",
			"chart",
			"issue",
			"multi",
			"video"
		],
		"height": 32,
		"displayHeight": 16,
		"category": "Archive / Unmaintained",
		"tags": [
			"Precise Shapes",
			"Has Padding",
			"Uses Stroke"
		],
		"palette": false
	},
	"lastModified": 1700989468,
	"icons": {
		"add": {
			"body": "<g fill=\"none\" stroke=\"currentColor\" stroke-linecap=\"round\" stroke-linejoin=\"round\" stroke-width=\"16\"><circle cx=\"128\" cy=\"128\" r=\"112\"/><path d=\"M 79.999992,128 H 176.0001\"/><path d=\"m 128.00004,79.99995 v 96.0001\"/></g>"
		},
		"airplay": {
			"body": "<g fill=\"none\" stroke=\"currentColor\" stroke-linecap=\"round\" stroke-linejoin=\"round\" stroke-width=\"16\"><path d=\"M 64,192 H 47.999992 m 0,0 c -17.728,0 -32,-14.272 -32,-32 V 47.999993 c 0,-17.728 14.272,-32 32,-32 H 208.00001 c 17.728,0 32,14.272 32,32 V 160 c 0,17.728 -14.272,32 -32,32\"/><path d=\"m 64,240 64,-80 64,80 z\"/><path d=\"M 208,192 H 192\"/></g>"
		},
		"apple": {
			"body": "<g fill=\"none\" stroke=\"currentColor\" stroke-linecap=\"round\" stroke-linejoin=\"round\" stroke-width=\"4.244\"><path d=\"m 33.866666,21.166666 c -4.233333,1e-6 -25.465872,-8.433732 -25.465872,12.732936\" transform=\"translate(.331 .207)scale(3.76975)\"/><path d=\"m 8.400794,33.899602 c 0,21.166665 12.743914,29.710184 16.977248,29.710184 4.233334,0 4.255291,-4.244312 8.488624,-4.244312\" transform=\"translate(.331 .207)scale(3.76975)\"/><path d=\"m 33.866665,21.166666 c 4.233334,1e-6 25.465874,-8.433732 25.465874,12.732936\" transform=\"translate(.331 .207)scale(3.76975)\"/><path d=\"m 59.354497,33.866666 c 0,21.166666 -12.765873,29.74312 -16.999207,29.74312 -4.233334,0 -4.25529,-4.244312 -8.488624,-4.244312\" transform=\"translate(.331 .207)scale(3.76975)\"/><path d=\"m 33.866666,21.166666 c 0,-12.6999995 -8.488624,-16.9772483 -8.488624,-16.9772483\" transform=\"translate(.331 .207)scale(3.76975)\"/><path d=\"m 33.866666,21.166666 c 0,-16.9333325 8.499603,-12.7439153 12.732936,-16.9772483\" transform=\"translate(.331 .207)scale(3.76975)\"/><path d=\"m 33.866666,21.166666 c 12.7,-4.233333 16.966269,-8.510583 12.732936,-16.9772483\" transform=\"translate(.331 .207)scale(3.76975)\"/></g>"
		},
		"bag": {
			"body": "<g fill=\"none\" stroke-width=\"16\"><path stroke=\"currentColor\" stroke-linecap=\"round\" stroke-linejoin=\"round\" d=\"m 64,80 h 128 c 16,0 29.33333,16 32,32 l 16,96 c 2.66807,16.00842 -16,32 -32,32 H 48 C 32,240 13.33193,224.00842 16,208 L 32,112 C 34.666667,96 48,80 64,80 Z\"/><path stroke=\"currentColor\" stroke-linecap=\"round\" stroke-linejoin=\"round\" d=\"M 80,112 V 63.814079\"/><path stroke=\"currentColor\" stroke-linecap=\"round\" stroke-linejoin=\"round\" d=\"m 176,64 v 48\"/><path stroke=\"currentColor\" stroke-linecap=\"round\" stroke-linejoin=\"round\" d=\"M 19.090159,191.31828 H 236.90984\"/><path stroke=\"currentColor\" stroke-linecap=\"round\" stroke-linejoin=\"round\" d=\"M 176,64 C 176,48 166.70076,30.94703 151.90703,22.405869 137.1133,13.86471 118.88668,13.86471 104.09296,22.40587 89.299233,30.947031 80.000002,48 80,64\"/><rect width=\"80\" height=\"16\" x=\"16\" y=\"240\"/></g>"
		},
		"bell": {
			"body": "<g fill=\"none\" stroke=\"currentColor\" stroke-linecap=\"round\" stroke-linejoin=\"round\" stroke-width=\"4.233\"><path d=\"M 33.866678,59.266666 A 4.2333331,4.2333331 0 0 1 29.633345,63.5\" transform=\"translate(16)scale(3.77953)\"/><path d=\"M -25.4,59.266666 A 4.2333331,4.2333331 0 0 1 -29.633333,63.5\" transform=\"matrix(-3.77953 0 0 3.77953 16 0)\"/><path d=\"m 25.400031,55.033482 v 4.233333\" transform=\"translate(16)scale(3.77953)\"/><path d=\"m 33.866698,55.033482 -1.9e-5,4.233332\" transform=\"translate(16)scale(3.77953)\"/><path d=\"m 55.033333,50.8 c -8.466667,4.233333 -21.166667,4.233333 -25.4,4.233333\" transform=\"translate(16)scale(3.77953)\"/><path d=\"m 55.033333,50.8 c 0,-8.466667 -8.466667,-4.233336 -8.466667,-25.400002 0,-9.466021 -8.466666,-16.9330112 -12.699988,-16.9330112\" transform=\"translate(16)scale(3.77953)\"/><path d=\"M 4.233334,50.8 C 12.7,55.033333 25.4,55.033333 29.633333,55.033333\" transform=\"translate(16)scale(3.77953)\"/><path d=\"m 4.2333451,50.799681 c 0,-8.466669 8.4666669,-4.233338 8.4666669,-25.400003 0,-9.46602 8.466666,-16.9330108 12.699988,-16.9330108\" transform=\"translate(16)scale(3.77953)\"/><path d=\"m -25.400012,-8.4666872 a 4.2333331,4.2333331 0 0 1 -4.233333,4.2333331\" transform=\"rotate(180 8 0)scale(3.77953)\"/><path d=\"m 33.866666,-8.4666672 a 4.2333331,4.2333331 0 0 1 -4.233333,4.2333331\" transform=\"matrix(3.77953 0 0 -3.77953 16 0)\"/></g>"
		},
		"book": {
			"body": "<g fill=\"none\" stroke=\"currentColor\" stroke-linecap=\"round\" stroke-linejoin=\"round\" stroke-width=\"4.234\"><path d=\"M 55.033333,63.5 12.7,63.499999\" transform=\"translate(16.003 .01)scale(3.77938)\"/><path d=\"M 4.2333336,-55.033333 A 8.4666662,8.4666662 0 0 1 12.7,-63.499999\" transform=\"matrix(3.77938 0 0 -3.77938 16.003 .01)\"/><path d=\"M 4.2333336,55.033333 A 8.4666662,8.4666662 0 0 1 12.7,46.566667\" transform=\"translate(16.003 .01)scale(3.77938)\"/><path d=\"m 55.033333,46.566667 -42.333332,-1e-6\" transform=\"translate(16.003 .01)scale(3.77938)\"/><path d=\"M 4.2333336,12.7 A 8.4666662,8.4666662 0 0 1 12.7,4.2333336\" transform=\"translate(16.003 .01)scale(3.77938)\"/><path d=\"m 55.033333,4.233334 -42.333332,-1e-6\" transform=\"translate(16.003 .01)scale(3.77938)\"/><path d=\"m 4.2333334,12.7 2e-7,42.333333\" transform=\"translate(16.003 .01)scale(3.77938)\"/><path d=\"M 12.7,46.566666 V 4.230783\" transform=\"translate(16.003 .01)scale(3.77938)\"/><path d=\"M 55.033333,4.2333348 V 46.566667\" transform=\"translate(16.003 .01)scale(3.77938)\"/><path d=\"m 55.033333,46.566667 c -2.662642,5.559118 -2.809222,11.198865 0,16.933333\" transform=\"translate(16.003 .01)scale(3.77938)\"/></g>"
		},
		"brochure": {
			"body": "<g fill=\"none\" stroke=\"currentColor\" stroke-linecap=\"round\" stroke-linejoin=\"round\" stroke-width=\"16\"><path d=\"M 16.110084,16.110084 H 160.04176 L 96.072129,64.087313\"/><path d=\"m 16.110084,16.110084 -2e-6,175.916496 h 79.962047\"/><path d=\"M 96.072132,64.087313 H 240.00381 V 240.0038 H 96.072129 l 3e-6,-175.916487\"/><path d=\"M 160.04176,16.110084 V 64.087313\"/></g>"
		},
		"calendar": {
			"body": "<g fill=\"none\" stroke=\"currentColor\" stroke-width=\"16\"><path d=\"M 31.999978,31.999961 H 224.00004\"/><path stroke-linecap=\"round\" stroke-linejoin=\"round\" d=\"m 15.999975,47.999965 -3e-6,176.000055\"/><path stroke-linecap=\"round\" stroke-linejoin=\"round\" d=\"M 240.00002,47.999965 V 224.00002\"/><path stroke-linecap=\"round\" stroke-linejoin=\"round\" d=\"m 31.999978,31.999961 c -8.836576,0 -16.000003,7.163446 -16.000003,16.000004\"/><path stroke-linecap=\"round\" stroke-linejoin=\"round\" d=\"m 224.00004,31.999961 c 8.83657,-4e-6 15.99998,7.163443 15.99998,16.000004\"/><path d=\"M 224.00004,240.00002 H 31.999978\"/><path stroke-linecap=\"round\" stroke-linejoin=\"round\" d=\"m 224.00004,240.00002 a 16.000004,16.000004 0 0 0 15.99998,-16\"/><path stroke-linecap=\"round\" stroke-linejoin=\"round\" d=\"m 31.999978,240.00002 a 16.000004,16.000004 0 0 1 -16.000011,-16\"/><path stroke-linecap=\"round\" stroke-linejoin=\"round\" d=\"M 128.00001,47.999965 V 15.999962\"/><path stroke-linecap=\"round\" stroke-linejoin=\"round\" d=\"M 160.00003,47.999965 V 15.999962\"/><path stroke-linecap=\"round\" stroke-linejoin=\"round\" d=\"M 192.00002,47.999965 V 15.999962\"/><path stroke-linecap=\"round\" stroke-linejoin=\"round\" d=\"M 95.999985,47.999965 V 15.999962\"/><path stroke-linecap=\"round\" stroke-linejoin=\"round\" d=\"M 64.000001,47.999965 V 15.999962\"/><path stroke-linecap=\"round\" stroke-linejoin=\"round\" d=\"M 15.999975,95.999972 H 240.00002\"/></g>"
		},
		"chart": {
			"body": "<g fill=\"none\" stroke=\"currentColor\" stroke-linecap=\"round\" stroke-linejoin=\"round\" stroke-width=\"16\"><rect width=\"224\" height=\"224\" x=\"16\" y=\"16\" ry=\"32\"/><path d=\"M 160.00003,192.00003 V 111.99998\"/><path d=\"M 192.00002,192.00003 V 63.999974\"/><path d=\"m 63.999979,192.00003 v -32\"/><path d=\"m 95.99997,128 v 64.00003\"/><path d=\"m 128,144 v 48.00003\"/></g>"
		},
		"chat": {
			"body": "<g fill=\"none\" stroke=\"currentColor\" stroke-linecap=\"round\" stroke-width=\"16\"><path d=\"M 48.004588,16.00078 H 207.99487\"/><path stroke-linejoin=\"round\" d=\"M 240.00422,-48.000717 A 31.999937,31.999937 0 0 1 208.00429,-16.00078\" transform=\"scale(1 -1)\"/><path stroke-linejoin=\"round\" d=\"M -16.004652,-48.000717 A 31.999937,31.999937 0 0 1 -48.004588,-16.00078\" transform=\"scale(-1)\"/><path stroke-linejoin=\"round\" d=\"m -16.004652,160.0005 a 31.999937,31.999937 0 0 1 -31.999936,31.99994\" transform=\"scale(-1 1)\"/><path stroke-linejoin=\"round\" d=\"m 240.00422,160.0005 a 31.999937,31.999937 0 0 1 -31.99993,31.99994\"/><path stroke-linejoin=\"round\" d=\"M 16.004649,48.00072 V 160.00051\"/><path stroke-linejoin=\"round\" d=\"M 240.00422,48.00072 V 160.00051\"/><path stroke-linejoin=\"round\" d=\"m 48.004588,192.00044 h 31.999937 l 47.999905,47.99991 47.99991,-47.99991 h 31.99994\"/></g>"
		},
		"clock": {
			"body": "<g fill=\"none\" stroke=\"currentColor\" stroke-linecap=\"round\" stroke-linejoin=\"round\" stroke-width=\"16\"><path d=\"M 80.039519,211.06969 64.056987,239.90745\"/><path d=\"m 175.96058,211.06969 15.98254,28.83776\"/><circle cx=\"128\" cy=\"128.007\" r=\"95.915\"/><path d=\"M 35.294352,102.43866 A 47.957299,47.957299 0 0 1 17.212686,53.792007 47.957299,47.957299 0 0 1 53.990946,17.175027 47.957299,47.957299 0 0 1 102.55767,35.470309\"/><path d=\"m 127.99967,32.092482 3.8e-4,-15.985761\"/><path d=\"M 128.00005,80.049788 V 128.00708\"/><path d=\"m 128.00005,128.00708 33.91093,33.91093\"/><path d=\"M 220.70575,102.43866 A 47.957299,47.957299 0 0 0 238.78742,53.792007 47.957299,47.957299 0 0 0 202.00916,17.175027 47.957299,47.957299 0 0 0 153.44244,35.470309\"/></g>"
		},
		"copy": {
			"body": "<g fill=\"none\" stroke=\"currentColor\" stroke-linecap=\"round\" stroke-linejoin=\"round\" stroke-width=\"16\"><rect width=\"144\" height=\"144\" x=\"16\" y=\"16\" ry=\"32\"/><path d=\"M 95.999712,127.9996 A 31.999891,31.999891 0 0 1 127.9996,95.999712\"/><path d=\"m -239.99922,127.9996 a 31.999891,31.999891 0 0 1 31.99989,-31.999888\" transform=\"scale(-1 1)\"/><path d=\"m -239.99922,-207.99933 a 31.999891,31.999891 0 0 1 31.99989,-31.99989\" transform=\"scale(-1)\"/><path d=\"M 95.999712,-207.99933 A 31.999891,31.999891 0 0 1 127.9996,-239.99922\" transform=\"scale(1 -1)\"/><path d=\"m 159.99949,239.99923 h 15.99995\"/><path d=\"m 159.99949,95.9997 h 15.99995\"/><path d=\"m 95.999709,159.99949 v 15.99995\"/><path d=\"m 239.99923,159.99949 v 15.99995\"/></g>"
		},
		"data": {
			"body": "<g fill=\"none\" stroke=\"currentColor\" stroke-linecap=\"round\" stroke-linejoin=\"round\" stroke-width=\"16\"><path d=\"M 239.98507,55.993592 A 111.98507,39.994664 0 0 1 128,95.988256 111.98507,39.994664 0 0 1 16.01493,55.993592 111.98507,39.994664 0 0 1 128,15.998927 111.98507,39.994664 0 0 1 239.98507,55.993592 Z\"/><path d=\"m 239.98507,199.97441 a 111.98507,39.994664 0 0 1 -55.99253,34.63639 111.98507,39.994664 0 0 1 -111.985079,0 111.98507,39.994664 0 0 1 -55.992531,-34.6364\"/><path d=\"m 239.98507,151.9808 a 111.98507,39.994664 0 0 1 -55.99253,34.6364 111.98507,39.994664 0 0 1 -111.985079,-1e-5 A 111.98507,39.994664 0 0 1 16.01493,151.9808\"/><path d=\"m 239.98507,103.9872 a 111.98507,39.994664 0 0 1 -55.99253,34.6364 111.98507,39.994664 0 0 1 -111.985079,0 111.98507,39.994664 0 0 1 -55.992531,-34.6364\"/><path d=\"M 16.01493,55.99377 V 199.97441\"/><path d=\"M 239.98507,55.993592 V 199.97441\"/></g>"
		},
		"display": {
			"body": "<g fill=\"none\" stroke=\"currentColor\" stroke-width=\"16\"><path d=\"M 32.045863,15.996967 H 223.95413\"/><path stroke-linecap=\"round\" stroke-linejoin=\"round\" d=\"m 16.053507,31.994108 2e-6,143.926412\"/><path stroke-linecap=\"round\" stroke-linejoin=\"round\" d=\"M 239.94649,31.989325 V 175.92052\"/><path stroke-linecap=\"round\" stroke-linejoin=\"round\" d=\"M 32.045861,15.996971 A 15.992355,15.992355 0 0 0 16.053507,31.989325\"/><path stroke-linecap=\"round\" stroke-linejoin=\"round\" d=\"m 223.95413,15.996971 a 15.992355,15.992355 0 0 1 15.99236,15.992354\"/><path d=\"M 223.95413,191.91287 H 32.04587\"/><path stroke-linecap=\"round\" stroke-linejoin=\"round\" d=\"m 223.95413,191.91287 a 15.992354,15.992354 0 0 0 15.99236,-15.99235\"/><path stroke-linecap=\"round\" stroke-linejoin=\"round\" d=\"M 32.04587,191.91287 A 15.992354,15.992354 0 0 1 16.053504,175.92052\"/><path stroke-linecap=\"round\" stroke-linejoin=\"round\" d=\"M 191.96942,239.88994 H 64.030574\"/><path stroke-linecap=\"round\" stroke-linejoin=\"round\" d=\"m 143.99235,191.91288 v 47.97706\"/><path stroke-linecap=\"round\" stroke-linejoin=\"round\" d=\"m 112.00764,191.91288 v 47.97706\"/><path stroke-linecap=\"round\" stroke-linejoin=\"round\" d=\"M 16.053512,159.92816 H 239.94649\"/></g>"
		},
		"editor": {
			"body": "<g fill=\"none\" stroke=\"currentColor\" stroke-linecap=\"round\" stroke-linejoin=\"round\" stroke-width=\"16\"><path d=\"m 16,64 224.93778,0.09256\"/><path d=\"M 48,16 H 207.91114 C 225.62929,16 240,30.281849 240,48 v 160 c 0,17.71816 -14.28185,32 -32,32 H 48 C 30.281848,240 16.069099,225.73073 16.06221,208.01257 L 16,48 C 15.993112,30.281851 30.281848,16 48,16 Z\"/><path d=\"M 191.96444,64.092555 192,16\"/><path d=\"M 48.044437,112.06589 H 80.02666\"/><path d=\"M 48.044437,144.04812 H 175.97333\"/><path d=\"M 48.044437,176.03034 H 127.99999\"/><path d=\"M 48.044437,208.01256 H 80.02666\"/></g>"
		},
		"file": {
			"body": "<g fill=\"none\" stroke=\"currentColor\" stroke-linecap=\"round\" stroke-width=\"15.992\"><path d=\"M 32,48 V 207.9236\"/><path stroke-linejoin=\"round\" d=\"M 224,96 V 208\"/><path stroke-linejoin=\"round\" d=\"m 64,16 h 80\"/><path d=\"M 64,240 H 192\"/><path stroke-linejoin=\"round\" d=\"m 224,208 c 0.0874,15.98169 -16,32 -32,32\"/><path stroke-linejoin=\"round\" d=\"m -32,208 c -10e-7,16 -16,32 -32,32\" transform=\"scale(-1 1)\"/><path stroke-linejoin=\"round\" d=\"M -32,-47.976784 C -32,-32 -48,-16.356322 -63.999997,-16.000002\" transform=\"scale(-1)\"/><path stroke-linejoin=\"round\" d=\"M 223.91257,96.071779 144,16\"/><path stroke-linejoin=\"round\" d=\"m -144,64 c -0.0492,15.912926 -16.06452,31.999995 -32,32\" transform=\"scale(-1 1)\"/><path stroke-linejoin=\"round\" d=\"M 144,64 V 16\"/><path stroke-linejoin=\"round\" d=\"m 176,96 h 48\"/></g>"
		},
		"file-code1": {
			"body": "<g fill=\"none\" stroke=\"currentColor\" stroke-linecap=\"round\"><path stroke-width=\"15.992\" d=\"M 32,48 V 207.9236\"/><path stroke-linejoin=\"round\" stroke-width=\"15.992\" d=\"M 224,96 V 208\"/><path stroke-linejoin=\"round\" stroke-width=\"15.992\" d=\"m 64,16 h 80\"/><path stroke-width=\"15.992\" d=\"M 64,240 H 192\"/><path stroke-linejoin=\"round\" stroke-width=\"15.992\" d=\"m 224,208 c 0.0874,15.98169 -16,32 -32,32\"/><path stroke-linejoin=\"round\" stroke-width=\"15.992\" d=\"m -32,208 c -10e-7,16 -16,32 -32,32\" transform=\"scale(-1 1)\"/><path stroke-linejoin=\"round\" stroke-width=\"15.992\" d=\"M -32,-47.976784 C -32,-32 -48,-16.356322 -63.999997,-16.000002\" transform=\"scale(-1)\"/><path stroke-linejoin=\"round\" stroke-width=\"15.992\" d=\"M 223.91257,96.071779 144,16\"/><path stroke-linejoin=\"round\" stroke-width=\"15.992\" d=\"m -144,64 c -0.0492,15.912926 -16.06452,31.999995 -32,32\" transform=\"scale(-1 1)\"/><path stroke-linejoin=\"round\" stroke-width=\"15.992\" d=\"M 144,64 V 16\"/><path stroke-linejoin=\"round\" stroke-width=\"15.992\" d=\"m 176,96 h 48\"/><path stroke-linejoin=\"round\" stroke-width=\"16\" d=\"M 96,208 64,176 96,144\"/><path stroke-linejoin=\"round\" stroke-width=\"16\" d=\"m 128,208 32,-32 -32,-32\"/></g>"
		},
		"file-code2": {
			"body": "<g fill=\"none\" stroke=\"currentColor\" stroke-linecap=\"round\"><path stroke-width=\"15.992\" d=\"M 32,48 V 207.9236\"/><path stroke-linejoin=\"round\" stroke-width=\"15.992\" d=\"M 224,96 V 208\"/><path stroke-linejoin=\"round\" stroke-width=\"15.992\" d=\"m 64,16 h 80\"/><path stroke-width=\"15.992\" d=\"M 64,240 H 192\"/><path stroke-linejoin=\"round\" stroke-width=\"15.992\" d=\"m 224,208 c 0.0874,15.98169 -16,32 -32,32\"/><path stroke-linejoin=\"round\" stroke-width=\"15.992\" d=\"m -32,208 c -10e-7,16 -16,32 -32,32\" transform=\"scale(-1 1)\"/><path stroke-linejoin=\"round\" stroke-width=\"15.992\" d=\"M -32,-47.976784 C -32,-32 -48,-16.356322 -63.999997,-16.000002\" transform=\"scale(-1)\"/><path stroke-linejoin=\"round\" stroke-width=\"15.992\" d=\"M 223.91257,96.071779 144,16\"/><path stroke-linejoin=\"round\" stroke-width=\"15.992\" d=\"m -144,64 c -0.0492,15.912926 -16.06452,31.999995 -32,32\" transform=\"scale(-1 1)\"/><path stroke-linejoin=\"round\" stroke-width=\"15.992\" d=\"M 144,64 V 16\"/><path stroke-linejoin=\"round\" stroke-width=\"15.992\" d=\"m 176,96 h 48\"/><path stroke-linejoin=\"round\" stroke-width=\"16\" d=\"m 96,208 c -32,0 0,-32 -32,-32 32,0 0,-32 32,-32\"/><path stroke-linejoin=\"round\" stroke-width=\"16\" d=\"m 128,208 c 32,0 0,-32 32,-32 -32,0 0,-32 -32,-32\"/></g>"
		},
		"file-document": {
			"body": "<g fill=\"none\" stroke=\"currentColor\" stroke-linecap=\"round\"><path stroke-width=\"15.992\" d=\"M 32,48 V 207.9236\"/><path stroke-linejoin=\"round\" stroke-width=\"15.992\" d=\"M 224,96 V 208\"/><path stroke-linejoin=\"round\" stroke-width=\"15.992\" d=\"m 64,16 h 80\"/><path stroke-width=\"15.992\" d=\"M 64,240 H 192\"/><path stroke-linejoin=\"round\" stroke-width=\"15.992\" d=\"m 224,208 c 0.0874,15.98169 -16,32 -32,32\"/><path stroke-linejoin=\"round\" stroke-width=\"15.992\" d=\"m -32,208 c -10e-7,16 -16,32 -32,32\" transform=\"scale(-1 1)\"/><path stroke-linejoin=\"round\" stroke-width=\"15.992\" d=\"M -32,-47.976784 C -32,-32 -48,-16.356322 -63.999997,-16.000002\" transform=\"scale(-1)\"/><path stroke-linejoin=\"round\" stroke-width=\"15.992\" d=\"M 223.91257,96.071779 144,16\"/><path stroke-linejoin=\"round\" stroke-width=\"15.992\" d=\"m -144,64 c -0.0492,15.912926 -16.06452,31.999995 -32,32\" transform=\"scale(-1 1)\"/><path stroke-linejoin=\"round\" stroke-width=\"15.992\" d=\"M 144,64 V 16\"/><path stroke-linejoin=\"round\" stroke-width=\"15.992\" d=\"m 176,96 h 48\"/><path stroke-linejoin=\"round\" stroke-width=\"16\" d=\"m 64,208 h 48\"/><path stroke-linejoin=\"round\" stroke-width=\"16\" d=\"m 64,176 h 80\"/><path stroke-linejoin=\"round\" stroke-width=\"16\" d=\"m 64,144 h 48\"/></g>"
		},
		"file-error": {
			"body": "<g fill=\"none\" stroke=\"currentColor\" stroke-linecap=\"round\"><path stroke-width=\"15.992\" d=\"M 32,48 V 207.9236\"/><path stroke-linejoin=\"round\" stroke-width=\"15.992\" d=\"M 224,96 V 208\"/><path stroke-linejoin=\"round\" stroke-width=\"15.992\" d=\"m 64,16 h 80\"/><path stroke-width=\"15.992\" d=\"M 64,240 H 192\"/><path stroke-linejoin=\"round\" stroke-width=\"15.992\" d=\"m 224,208 c 0.0874,15.98169 -16,32 -32,32\"/><path stroke-linejoin=\"round\" stroke-width=\"15.992\" d=\"m -32,208 c -10e-7,16 -16,32 -32,32\" transform=\"scale(-1 1)\"/><path stroke-linejoin=\"round\" stroke-width=\"15.992\" d=\"M -32,-47.976784 C -32,-32 -48,-16.356322 -63.999997,-16.000002\" transform=\"scale(-1)\"/><path stroke-linejoin=\"round\" stroke-width=\"15.992\" d=\"M 223.91257,96.071779 144,16\"/><path stroke-linejoin=\"round\" stroke-width=\"15.992\" d=\"m -144,64 c -0.0492,15.912926 -16.06452,31.999995 -32,32\" transform=\"scale(-1 1)\"/><path stroke-linejoin=\"round\" stroke-width=\"15.992\" d=\"M 144,64 V 16\"/><path stroke-linejoin=\"round\" stroke-width=\"15.992\" d=\"m 176,96 h 48\"/><path stroke-linejoin=\"round\" stroke-width=\"16\" d=\"m 64,208 48,-64\"/><path stroke-linejoin=\"round\" stroke-width=\"16\" d=\"m 64,144 48,64\"/></g>"
		},
		"file-script": {
			"body": "<g fill=\"none\" stroke=\"currentColor\" stroke-linecap=\"round\"><path stroke-width=\"15.992\" d=\"M 32,48 V 207.9236\"/><path stroke-linejoin=\"round\" stroke-width=\"15.992\" d=\"M 224,96 V 208\"/><path stroke-linejoin=\"round\" stroke-width=\"15.992\" d=\"m 64,16 h 80\"/><path stroke-width=\"15.992\" d=\"M 64,240 H 192\"/><path stroke-linejoin=\"round\" stroke-width=\"15.992\" d=\"m 224,208 c 0.0874,15.98169 -16,32 -32,32\"/><path stroke-linejoin=\"round\" stroke-width=\"15.992\" d=\"m -32,208 c -10e-7,16 -16,32 -32,32\" transform=\"scale(-1 1)\"/><path stroke-linejoin=\"round\" stroke-width=\"15.992\" d=\"M -32,-47.976784 C -32,-32 -48,-16.356322 -63.999997,-16.000002\" transform=\"scale(-1)\"/><path stroke-linejoin=\"round\" stroke-width=\"15.992\" d=\"M 223.91257,96.071779 144,16\"/><path stroke-linejoin=\"round\" stroke-width=\"15.992\" d=\"m -144,64 c -0.0492,15.912926 -16.06452,31.999995 -32,32\" transform=\"scale(-1 1)\"/><path stroke-linejoin=\"round\" stroke-width=\"15.992\" d=\"M 144,64 V 16\"/><path stroke-linejoin=\"round\" stroke-width=\"15.992\" d=\"m 176,96 h 48\"/><path stroke-linejoin=\"round\" stroke-width=\"16\" d=\"M 64,208 96.000003,176 64,144\"/><path stroke-linejoin=\"round\" stroke-width=\"16\" d=\"m 112,208 h 32\"/></g>"
		},
		"file-spreadsheet": {
			"body": "<g fill=\"none\" stroke=\"currentColor\" stroke-linecap=\"round\"><path stroke-width=\"15.992\" d=\"M 32,48 V 207.9236\"/><path stroke-linejoin=\"round\" stroke-width=\"15.992\" d=\"M 224,96 V 208\"/><path stroke-linejoin=\"round\" stroke-width=\"15.992\" d=\"m 64,16 h 80\"/><path stroke-width=\"15.992\" d=\"M 64,240 H 192\"/><path stroke-linejoin=\"round\" stroke-width=\"15.992\" d=\"m 224,208 c 0.0874,15.98169 -16,32 -32,32\"/><path stroke-linejoin=\"round\" stroke-width=\"15.992\" d=\"m -32,208 c -10e-7,16 -16,32 -32,32\" transform=\"scale(-1 1)\"/><path stroke-linejoin=\"round\" stroke-width=\"15.992\" d=\"M -32,-47.976784 C -32,-32 -48,-16.356322 -63.999997,-16.000002\" transform=\"scale(-1)\"/><path stroke-linejoin=\"round\" stroke-width=\"15.992\" d=\"M 223.91257,96.071779 144,16\"/><path stroke-linejoin=\"round\" stroke-width=\"15.992\" d=\"m -144,64 c -0.0492,15.912926 -16.06452,31.999995 -32,32\" transform=\"scale(-1 1)\"/><path stroke-linejoin=\"round\" stroke-width=\"15.992\" d=\"M 144,64 V 16\"/><path stroke-linejoin=\"round\" stroke-width=\"15.992\" d=\"m 176,96 h 48\"/><path stroke-linejoin=\"round\" stroke-width=\"16\" d=\"m 64,192 h 96\"/><path stroke-linejoin=\"round\" stroke-width=\"16\" d=\"m 64,160 h 96\"/><path stroke-linejoin=\"round\" stroke-width=\"16\" d=\"m 80,144 v 64\"/><path stroke-linejoin=\"round\" stroke-width=\"16\" d=\"m 112,144 v 64\"/><path stroke-linejoin=\"round\" stroke-width=\"16\" d=\"m 144,144 v 64\"/></g>"
		},
		"file-text": {
			"body": "<g fill=\"none\" stroke=\"currentColor\" stroke-linecap=\"round\" stroke-linejoin=\"round\" stroke-width=\"16\"><path d=\"M 32,48 V 207.9236\"/><path d=\"M 224,96 V 208\"/><path d=\"m 64,16 h 80\"/><path d=\"M 64,240 H 192\"/><path d=\"m 224,208 c 0.0874,15.98169 -16,32 -32,32\"/><path d=\"m -32,208 c -10e-7,16 -16,32 -32,32\" transform=\"scale(-1 1)\"/><path d=\"M -32,-47.976784 C -32,-32 -48,-16.356322 -63.999997,-16.000002\" transform=\"scale(-1)\"/><path d=\"M 223.91257,96.071779 144,16\"/><path d=\"m -144,64 c -0.0492,15.912926 -16.06452,31.999995 -32,32\" transform=\"scale(-1 1)\"/><path d=\"M 144,64 V 16\"/><path d=\"m 176,96 h 48\"/><path d=\"m 80,208 h 32\"/><path d=\"m 96,144 v 64\"/><path d=\"m 64,144 h 64\"/><path d=\"m 128,144 v 16\"/><path d=\"m 64,144 v 16\"/></g>"
		},
		"folder": {
			"body": "<g fill=\"none\" stroke=\"currentColor\" stroke-width=\"16\"><path stroke-linecap=\"round\" stroke-linejoin=\"round\" d=\"M 240.04121,64.000608 240,208 c -0.005,15.99988 -16.04134,32 -32,32 H 48 C 31.958138,240 15.996182,223.99988 16,208 l 0.04199,-175.999258\"/><path stroke-linecap=\"round\" stroke-linejoin=\"round\" d=\"m 224,48 c 8.83652,8e-6 15.99999,7.163485 16,16\"/><path d=\"m 144.04154,48.000675 h 79.99974\"/><path stroke-linecap=\"round\" stroke-linejoin=\"round\" d=\"m 106.38483,16.000772 a 15.999945,15.999945 0 0 1 13.85635,7.999985\"/><path stroke-linecap=\"round\" stroke-linejoin=\"round\" d=\"M 144.04154,48.000675 A 15.999945,15.999945 0 0 1 130.18519,40.00069\"/><path stroke-linecap=\"round\" stroke-linejoin=\"round\" d=\"M 144.04154,48.000675 A 15.999945,15.999945 0 0 0 130.18519,56.00066\"/><path d=\"m 120.24118,24.000757 9.94401,15.999933\"/><path stroke-linecap=\"round\" stroke-linejoin=\"round\" d=\"m 106.3848,80.000579 a 15.999945,15.999945 0 0 0 13.85638,-7.999986\"/><path d=\"M 120.24118,72.000593 130.18519,56.00066\"/><path stroke-linecap=\"round\" stroke-linejoin=\"round\" d=\"m 16,80 90.38472,5.79e-4\"/><path stroke-linecap=\"round\" stroke-linejoin=\"round\" d=\"m 32.041967,16.000772 c -8.836533,3e-6 -15.999992,7.167628 -15.999978,16.004161\"/><path stroke-linecap=\"round\" stroke-linejoin=\"round\" d=\"M 32.041967,16.000772 H 106.38498\"/></g>"
		},
		"globe": {
			"body": "<g fill=\"none\" stroke=\"currentColor\" stroke-linecap=\"round\" stroke-linejoin=\"round\" stroke-width=\"16\"><circle cx=\"127.999\" cy=\"128\" r=\"112\"/><path d=\"m 192.0027,219.91074 c -40.13552,-10.60764 2.8991,-36.95009 -12.98135,-56.80128 -7.0348,-8.7939 -24.94292,-22.44625 -16.06406,-37.68626 14.14662,-24.2819 74.44445,-16.70043 77.04541,2.65434\"/><path d=\"m 52.26403,210.5115 c 11.735422,-10.73393 23.101176,-21.25355 28.928591,-35.30877 4.896866,-11.81082 11.221497,-27.74331 3.816787,-38.16679 -6.795901,-9.56626 -28.036264,1.74355 -34.229477,-8.2235 -5.19823,-8.36579 -1.703207,-26.91578 6.536171,-28.815794 C 71.025394,96.835252 95.999454,115.70076 91.525264,97.954854 71.651098,54.251844 101.47196,64.000005 79.998805,26.807419\"/><path d=\"M 229.90244,81.526574 C 222.59641,76.902443 210.40368,72.548 197.29726,73.264682 184.1909,73.981363 156.7628,89.642259 150.64024,75.329052 143.20598,57.949662 165.8904,33.900895 191.58021,36.089261\"/></g>"
		},
		"help": {
			"body": "<g fill=\"none\" stroke=\"currentColor\" stroke-linecap=\"round\" stroke-linejoin=\"round\" stroke-width=\"16\"><circle cx=\"181.018\" cy=\"-.001\" r=\"112.049\" transform=\"rotate(45)\"/><circle cx=\"181.018\" cy=\"-.001\" r=\"48.021\" transform=\"rotate(45)\"/><path d=\"M 171.33275,107.30371 226.85481,75.248027\"/><path d=\"M 148.69466,84.66561 180.75035,29.143566\"/><path d=\"M 84.667256,148.69302 29.145241,180.74869\"/><path d=\"M 107.30535,171.33111 75.249699,226.85316\"/><path d=\"m 148.69466,171.33111 32.05569,55.52205\"/><path d=\"m 171.33275,148.69302 55.52206,32.05567\"/><path d=\"M 107.30535,84.665618 75.249699,29.143573\"/><path d=\"M 84.667256,107.30372 29.145241,75.248046\"/></g>"
		},
		"image": {
			"body": "<g fill=\"none\" stroke=\"currentColor\" stroke-linecap=\"round\" stroke-linejoin=\"round\" stroke-width=\"4.233\" transform=\"scale(3.77953)\"><rect width=\"59.267\" height=\"59.267\" x=\"4.233\" y=\"4.233\" ry=\"8.467\"/><path d=\"m 25.4,33.866667 c -12.7,0 -16.9333334,8.466665 -21.1666669,8.466665\"/><path d=\"m 25.4,33.866667 c 12.7,0 17.582797,8.466665 25.399999,8.466665\"/><path d=\"M 63.5,38.099999 C 48.683332,38.099998 46.566666,50.8 38.1,50.8\"/><circle cx=\"46.567\" cy=\"21.167\" r=\"8.467\"/></g>"
		},
		"issue": {
			"body": "<g fill=\"none\" stroke=\"currentColor\" stroke-linecap=\"round\" stroke-linejoin=\"round\" stroke-width=\"16\"><circle cx=\"128\" cy=\"128\" r=\"40\"/><circle cx=\"128\" cy=\"128\" r=\"112\"/></g>"
		},
		"layer": {
			"body": "<g fill=\"none\" stroke=\"currentColor\" stroke-linecap=\"round\" stroke-linejoin=\"round\" stroke-width=\"16\"><path d=\"M 16,80 127.94695,15.974538\"/><path d=\"m 16,80 112,64\"/><path d=\"m 16,176 112,64\"/><path d=\"M 128,16 240,80\"/><path d=\"M 128,144 240,80\"/><path d=\"M 128,240 240,176\"/><path d=\"m 16,128 112,64\"/><path d=\"M 128,192 239.94695,128.0019\"/><path d=\"M 16,128 58.031909,104.01298\"/><path d=\"M 16,176 58.032661,151.99127\"/><path d=\"m 239.94694,128.00191 -41.9796,-23.98708\"/><path d=\"M 240,176 197.96608,151.99056\"/></g>"
		},
		"lock": {
			"body": "<g fill=\"none\" stroke=\"currentColor\" stroke-linecap=\"round\" stroke-linejoin=\"round\" stroke-width=\"16\"><path d=\"M 48.003124,207.99947 V 144.00668\"/><path d=\"M 208.00205,207.99948 V 143.99989\"/><path d=\"M 80.002888,239.99926 H 176.00225\"/><path d=\"m 208.00205,207.99948 a 31.999787,31.999787 0 0 1 -31.9998,31.99978\"/><path d=\"m 48.003124,207.99948 a 31.999787,31.999787 0 0 0 31.999764,31.99978\"/><path d=\"m 128.00258,207.99949 v -31.9998\"/><path d=\"M 47.996095,144.00668 A 15.999894,15.999894 0 0 1 63.995976,128.0068\"/><path d=\"M 208.00205,143.99989 A 15.999894,15.999894 0 0 0 192.00218,128\"/><path d=\"M 176.00225,64.00042 A 47.999683,47.999683 0 0 0 128.00258,16.00074\"/><path d=\"M 80.002812,64.00042 A 47.999683,47.999683 0 0 1 128.00249,16.00074\"/><path d=\"M 80.002888,128 V 63.907475\"/><path d=\"M 176.00225,64.000424 V 128\"/><path d=\"M 64.003006,128 H 192.00218\"/></g>"
		},
		"mouse": {
			"body": "<g fill=\"none\" stroke=\"currentColor\" stroke-linecap=\"round\" stroke-linejoin=\"round\" stroke-width=\"16\"><path d=\"m 63.998705,64.001121 c 0,64.001289 -16.00032,48.000969 -16.00032,96.001929\"/><path d=\"m 192.00129,64.001121 c 0,-16.000322 0,-22.762857 -16.00032,-32.000645\"/><path d=\"m 128,48.000796 v 32.00065\"/><path d=\"m 79.99903,32.000476 c 0,0 32.00064,-16.000321 48.00097,-16.000321 16.00032,0 48.00097,16.000321 48.00097,16.000321\"/><path d=\"m 192.00129,64.001121 c 0,64.001289 16.00032,48.000969 16.00032,96.001929\"/><path d=\"m 208.00161,160.00305 a 80.00161,80.00161 0 0 1 -40.00081,69.28343 80.00161,80.00161 0 0 1 -80.001607,0 80.00161,80.00161 0 0 1 -40.000803,-69.28343\"/><path d=\"m 63.998705,64.001125 c 0,-16.000326 2e-6,-22.762857 16.000325,-32.000649\"/></g>"
		},
		"multi": {
			"body": "<g fill=\"none\" stroke=\"currentColor\" stroke-linecap=\"round\" stroke-linejoin=\"round\" stroke-width=\"16\"><circle cx=\"56\" cy=\"56\" r=\"40\"/><circle cx=\"200\" cy=\"56\" r=\"40\"/><circle cx=\"56\" cy=\"200\" r=\"40\"/><circle cx=\"200\" cy=\"200\" r=\"40\"/></g>"
		},
		"orbit": {
			"body": "<g fill=\"none\" stroke=\"currentColor\" stroke-linecap=\"round\" stroke-linejoin=\"round\" stroke-width=\"16\"><circle cx=\"208\" cy=\"48.004\" r=\"32.004\"/><path d=\"M 226.27213,74.276705 A 112.01361,112.01361 0 0 1 195.13671,217.67055 112.01361,112.01361 0 0 1 48.774885,207.20976 112.01361,112.01361 0 0 1 38.349122,60.84543 112.01361,112.01361 0 0 1 181.75042,29.744337\"/><path d=\"M 219.63599,191.62385 A 112.01361,112.01361 0 0 0 127.86254,144.01566 112.01361,112.01361 0 0 0 36.197622,191.83249\"/></g>"
		},
		"portrait1": {
			"body": "<g fill=\"none\" stroke=\"currentColor\" stroke-linecap=\"round\" stroke-linejoin=\"round\" stroke-width=\"16\"><path d=\"M 16.056766,240 H 239.94325\"/><path d=\"m 16.056766,240 c 0,-47.97569 31.983762,-64.0813 31.983762,-64.0813 15.991919,-9.23291 31.9838,0 47.975681,-15.99189\"/><path d=\"m 96.016209,159.92681 c 0,0 15.991921,15.99189 31.983801,15.99189\"/><path d=\"m 239.94325,240 c 0,-47.97569 -31.9838,-64.0813 -31.9838,-64.0813 -15.99188,-9.23291 -31.98376,0 -47.97564,-15.99189\"/><path d=\"m 159.98381,159.92681 c 0,0 -15.99192,15.99189 -31.9838,15.99189\"/><path d=\"m 128.00001,15.99977 c 31.9838,0 47.97568,15.991881 47.97568,63.967561 0,39.979759 -31.9838,63.967599 -47.97568,63.967599\"/><path d=\"m 128.00001,15.99977 c -31.983801,0 -47.975682,15.991881 -47.975682,63.967561 0,39.979759 31.983802,63.967599 47.975682,63.967599\"/><path d=\"m 159.98381,159.92681 -7.41232,-27.66304\"/><path d=\"m 96.016209,159.92681 7.412321,-27.66304\"/></g>"
		},
		"portrait2": {
			"body": "<g fill=\"none\" stroke=\"currentColor\" stroke-linecap=\"round\" stroke-linejoin=\"round\" stroke-width=\"16\"><path d=\"m 49.616696,208.00014 c 0,0 30.383521,0 46.383451,-15.99992\"/><path d=\"m 96.000147,192.00022 c 0,0 15.999943,15.99992 31.999853,15.99992\"/><path d=\"m 206.38331,208.00012 c 0,0 -30.38351,2e-5 -46.38345,-15.9999\"/><path d=\"m 159.99986,192.00022 c 0,0 -15.99994,15.99992 -31.99986,15.99992\"/><path d=\"m 128,48.000858 c 31.99986,0 47.9998,15.999926 47.9998,63.999712 -1e-5,39.99983 -31.99988,63.99971 -47.9998,63.99971\"/><path d=\"m 128,48.000858 c -31.999857,0 -47.999787,15.999926 -47.999783,63.999712 3e-6,39.99983 31.999873,63.99971 47.999793,63.99971\"/><path d=\"m 159.99986,192.00022 -7.41601,-27.67694\"/><path d=\"m 96.000147,192.00022 7.416013,-27.67694\"/><circle cx=\"128\" cy=\"128\" r=\"111.999\"/></g>"
		},
		"radar": {
			"body": "<g fill=\"none\" stroke=\"currentColor\" stroke-linecap=\"round\" stroke-linejoin=\"round\" stroke-width=\"16\"><path d=\"M 224.97499,72.065141 A 111.96707,111.96707 0 0 1 207.18133,207.22135 111.96707,111.96707 0 0 1 72.025105,225.01501 111.96707,111.96707 0 0 1 19.856764,99.069471 111.96707,111.96707 0 0 1 128.00866,16.081608\"/><path d=\"M 128.00866,16.081615 V 112.05339\"/><path d=\"m 144.00394,128.04868 a 15.995295,15.995295 0 0 1 -15.99528,15.9953 15.995295,15.995295 0 0 1 -15.99529,-15.9953 15.995295,15.995295 0 0 1 15.99529,-15.99529 15.995295,15.995295 0 0 1 15.99528,15.99529 z\"/><path d=\"M 183.41795,96.058104 A 63.981179,63.981179 0 0 1 173.25016,173.29022 63.981179,63.981179 0 0 1 96.018049,183.45803 63.981179,63.981179 0 0 1 66.207591,111.48915 63.981179,63.981179 0 0 1 128.00866,64.067515\"/></g>"
		},
		"remove": {
			"body": "<g fill=\"none\" stroke=\"currentColor\" stroke-linecap=\"round\" stroke-linejoin=\"round\" stroke-width=\"16\"><circle cx=\"128\" cy=\"128\" r=\"112\"/><path d=\"M 80.000004,128 H 176.00001\"/></g>"
		},
		"search": {
			"body": "<g fill=\"none\" stroke=\"currentColor\" stroke-width=\"16\"><path d=\"m 89.074145,145.23139 -68.17345,68.17344\"/><path d=\"M 111.27275,167.42999 43.099304,235.60344\"/><path stroke-linecap=\"round\" stroke-linejoin=\"round\" d=\"m 43.099305,235.60344 a 15.696788,15.696788 0 0 1 -22.19861,0\"/><path stroke-linecap=\"round\" stroke-linejoin=\"round\" d=\"m 20.900695,213.40483 a 15.696788,15.696788 0 0 0 0,22.19861\"/><path stroke-linecap=\"round\" stroke-linejoin=\"round\" d=\"M 240.65575,86.483932 A 70.635544,70.635544 0 0 1 170.0202,157.11948 70.635544,70.635544 0 0 1 99.384659,86.483932 70.635544,70.635544 0 0 1 170.0202,15.848389 70.635544,70.635544 0 0 1 240.65575,86.483932 Z\"/><path stroke-linecap=\"round\" stroke-linejoin=\"round\" d=\"m 89.074145,145.23139 22.198605,22.1986\"/><path stroke-linecap=\"round\" stroke-linejoin=\"round\" d=\"m 100.17344,156.33068 19.89988,-19.89987\"/><path stroke-linecap=\"round\" stroke-linejoin=\"round\" d=\"m 70.126446,164.17908 22.198606,22.1986\"/><path stroke-linecap=\"round\" stroke-linejoin=\"round\" d=\"M 209.26216,86.483936 A 39.241967,39.241967 0 0 1 170.0202,125.7259\"/></g>"
		},
		"secure": {
			"body": "<g fill=\"none\" stroke=\"currentColor\" stroke-linecap=\"round\" stroke-linejoin=\"round\" stroke-width=\"16\"><path d=\"m 127.99999,239.96468 c 0,0 95.98506,-31.99503 95.98506,-111.98257\"/><path d=\"M 223.98505,127.98211 V 31.997059 c 0,0 -31.99502,-15.997511 -95.98506,-15.997511\"/><path d=\"m 128,239.96468 c 0,0 -95.985056,-31.99503 -95.985056,-111.98257\"/><path d=\"M 32.014944,127.98211 V 31.997059 c 0,0 31.995019,-15.997509 95.985056,-15.997509\"/><path d=\"M 191.99003,63.99208 C 128,111.9846 112.00249,175.97464 112.00249,175.97464 c 0,0 -15.997511,-19.0946 -31.995019,-31.99502\"/></g>"
		},
		"select": {
			"body": "<g fill=\"none\" stroke=\"currentColor\" stroke-linecap=\"round\" stroke-linejoin=\"round\" stroke-width=\"16\"><path d=\"M 16.000736,48.000563 A 31.999783,31.999783 0 0 1 48.000519,16.000782\"/><path d=\"m -239.99926,48.000563 a 31.999783,31.999783 0 0 1 31.99978,-31.999781\" transform=\"scale(-1 1)\"/><path d=\"m -239.99926,-207.99947 a 31.999783,31.999783 0 0 1 31.99978,-31.99978\" transform=\"scale(-1)\"/><path d=\"m 16.000736,-207.99947 a 31.999783,31.999783 0 0 1 31.999783,-31.99978\" transform=\"scale(1 -1)\"/><path d=\"m 239.99923,143.99987 v 31.9998\"/><path d=\"M 239.99923,80.000312 V 112.00011\"/><path d=\"m 16.000747,143.99991 v 31.99976\"/><path d=\"M 16.000751,80.000312 V 112.00011\"/><path d=\"M 112.00008,16.000744 H 80.000284\"/><path d=\"M 175.99964,16.000748 H 143.99988\"/><path d=\"M 112.00008,239.99922 H 80.000284\"/><path d=\"M 175.99964,239.99922 H 143.99988\"/><path d=\"M 96.000202,127.99999 H 159.99976\"/><path d=\"M 128,96.000192 V 159.99979\"/></g>"
		},
		"settings": {
			"body": "<g fill=\"none\" stroke=\"currentColor\" stroke-linecap=\"round\" stroke-linejoin=\"round\" stroke-width=\"16\"><path d=\"M 48.000002,16 H 208 c 17.728,0 32,14.272 32,32 v 160 c 0,17.728 -14.272,32 -32,32 H 48.000002 c -17.728,0 -32,-14.272 -32,-32 V 48 c 0,-17.728 14.272,-32 32,-32 z\"/><path d=\"M 64.000006,64.000001 H 79.999993\"/><path d=\"m 79.999996,-96.000015 a 16,16 0 0 1 -16,16 16,16 0 0 1 -16,-16 16,16 0 0 1 16,-16.000005 16,16 0 0 1 16,16.000005 z\" transform=\"rotate(90)\"/><path d=\"m 112.00001,64.000353 79.99997,-3.52e-4\"/><path d=\"M 191.99998,128 H 176\"/><path d=\"m 144,159.99997 a 16,16 0 0 1 -16,16 16,16 0 0 1 -16,-16 16,16 0 0 1 16,-16 16,16 0 0 1 16,16 z\" transform=\"matrix(0 1 1 0 0 0)\"/><path d=\"M 143.99998,128.00035 64.000006,128\"/><path d=\"M 64.000006,192.00001 H 79.999993\"/><path d=\"m 208,-96.000015 a 16,16 0 0 1 -16,16 16,16 0 0 1 -16,-16 16,16 0 0 1 16,-16.000005 16,16 0 0 1 16,16.000005 z\" transform=\"rotate(90)\"/><path d=\"m 112.00001,192.00036 79.99997,-3.5e-4\"/></g>"
		},
		"shield": {
			"body": "<g fill=\"none\" stroke=\"currentColor\" stroke-linecap=\"round\" stroke-linejoin=\"round\" stroke-width=\"16\"><path d=\"m 128,239.89376 c 0,0 -95.908938,-31.96965 -95.908938,-111.89376\"/><path d=\"M 32.091062,128 V 32.09106 c 0,0 31.969645,-15.984825 95.908938,-15.984825\"/><path d=\"m 128,239.89376 c 0,0 95.90894,-31.96965 95.90894,-111.89376\"/><path d=\"M 223.90894,128 V 32.09106 c 0,0 -31.96965,-15.984823 -95.90894,-15.984823\"/><path d=\"m 128,239.89376 2.8e-4,-223.787523\"/></g>"
		},
		"sidebar-left": {
			"body": "<g fill=\"none\" stroke=\"currentColor\" stroke-linecap=\"round\" stroke-linejoin=\"round\" stroke-width=\"16\"><path d=\"m 16,64 224.93778,0.09256\"/><path d=\"M 48,16 H 207.91114 C 225.62929,16 240,30.281849 240,48 v 160 c 0,17.71816 -14.28185,32 -32,32 H 48 C 30.281848,240 16.069099,225.73073 16.06221,208.01257 L 16,48 C 15.993112,30.281851 30.281848,16 48,16 Z\"/><path d=\"M 96,64 V 240\"/></g>"
		},
		"sidebar-right": {
			"body": "<g fill=\"none\" stroke=\"currentColor\" stroke-linecap=\"round\" stroke-linejoin=\"round\" stroke-width=\"16\"><path d=\"m 16,64 224.93778,0.09256\"/><path d=\"M 48,16 H 207.91114 C 225.62929,16 240,30.281849 240,48 v 160 c 0,17.71816 -14.28185,32 -32,32 H 48 C 30.281848,240 16.069099,225.73073 16.06221,208.01257 L 16,48 C 15.993112,30.281851 30.281848,16 48,16 Z\"/><path d=\"M 160,64 V 240\"/></g>"
		},
		"store": {
			"body": "<g fill=\"none\" stroke=\"currentColor\" stroke-width=\"16\"><path stroke-linecap=\"round\" stroke-linejoin=\"round\" d=\"M 48.000545,207.99268 V 128\"/><path stroke-linecap=\"round\" stroke-linejoin=\"round\" d=\"M 207.99947,207.99946 V 127.8564\"/><path stroke-linecap=\"round\" stroke-linejoin=\"round\" d=\"M 32.000626,16.00074 H 223.99935\"/><path stroke-linecap=\"round\" stroke-linejoin=\"round\" d=\"m 183.99963,100.00018 a 27.999813,27.999813 0 0 1 -13.99991,24.24855 27.999813,27.999813 0 0 1 -27.99981,0 A 27.999813,27.999813 0 0 1 128,100.00018\"/><path stroke-linecap=\"round\" stroke-linejoin=\"round\" d=\"m 239.99926,100.00018 a 27.999813,27.999813 0 0 1 -13.9999,24.24855 27.999813,27.999813 0 0 1 -27.99982,0 27.999813,27.999813 0 0 1 -13.9999,-24.24855\"/><path stroke-linecap=\"round\" stroke-linejoin=\"round\" d=\"m 72.000366,100.00067 a 27.999813,27.999813 0 0 1 -13.999907,24.24855 27.999813,27.999813 0 0 1 -27.999813,0 27.999813,27.999813 0 0 1 -13.999906,-24.24855\"/><path stroke-linecap=\"round\" stroke-linejoin=\"round\" d=\"m 128,100.00067 a 27.999813,27.999813 0 0 1 -13.99991,24.24855 27.999813,27.999813 0 0 1 -27.999814,0 27.999813,27.999813 0 0 1 -13.999906,-24.24855\"/><path d=\"M 16.000734,100.00252 32.000626,16.00074\"/><path d=\"m 223.99935,16.00074 15.99989,83.99945\"/><path d=\"M 183.99963,100.00108 175.99967,16.00074\"/><path d=\"M 72.000386,100.00067 80.000307,16.00074\"/><path d=\"M 127.99999,100.00093 V 16.00074\"/><path stroke-linecap=\"round\" stroke-linejoin=\"round\" d=\"M 32.000626,191.99958 H 223.99935\"/><path d=\"M 80.000307,239.99926 H 175.99967\"/><path stroke-linecap=\"round\" stroke-linejoin=\"round\" d=\"m 207.99944,207.99947 a 31.999786,31.999786 0 0 1 -31.99979,31.99978\"/><path stroke-linecap=\"round\" stroke-linejoin=\"round\" d=\"M -48.000534,207.99947 A 31.999786,31.999786 0 0 1 -80.00032,239.99925\" transform=\"scale(-1 1)\"/></g>"
		},
		"terminal": {
			"body": "<g fill=\"none\" stroke=\"currentColor\" stroke-linecap=\"round\" stroke-linejoin=\"round\" stroke-width=\"16\"><path d=\"m 16,64 224.93778,0.09256\"/><path d=\"M 48,16 H 207.91114 C 225.62929,16 240,30.281849 240,48 v 160 c 0,17.71816 -14.28185,32 -32,32 H 48 C 30.281848,240 16.069099,225.73073 16.06221,208.01257 L 16,48 C 15.993112,30.281851 30.281848,16 48,16 Z\"/><path d=\"M 191.96444,64.092555 192,16\"/><path d=\"M 48,208 80,176 48,144\"/><path d=\"m 96,208 h 32\"/></g>"
		},
		"tv": {
			"body": "<g fill=\"none\" stroke=\"currentColor\" stroke-linecap=\"round\" stroke-linejoin=\"round\" stroke-width=\"16\"><path d=\"M 191.99999,208 H 64 C 46.272,208 32,193.728 32,176 V 96 C 32,78.272 46.272,64 64,64 h 128 c 17.728,0 32,14.272 32,32 v 80 c 0,17.728 -14.272,32 -32,32\"/><path d=\"m 96,240 h 64\"/><path d=\"M 128,64 176,16\"/><path d=\"M 128,64 80,16\"/></g>"
		},
		"unlock": {
			"body": "<g fill=\"none\" stroke=\"currentColor\" stroke-linecap=\"round\" stroke-linejoin=\"round\" stroke-width=\"16\"><path d=\"M 48.003124,207.99947 V 144.00668\"/><path d=\"M 208.00205,207.99948 V 143.99989\"/><path d=\"M 80.002888,239.99926 H 176.00225\"/><path d=\"m 208.00205,207.99948 a 31.999787,31.999787 0 0 1 -31.9998,31.99978\"/><path d=\"m 48.003124,207.99948 a 31.999787,31.999787 0 0 0 31.999764,31.99978\"/><path d=\"m 128.00258,207.99949 v -31.9998\"/><path d=\"M 47.996095,144.00668 A 15.999894,15.999894 0 0 1 63.995976,128.0068\"/><path d=\"M 208.00205,143.99989 A 15.999894,15.999894 0 0 0 192.00218,128\"/><path d=\"M 176.00225,64.00042 A 47.999683,47.999683 0 0 0 128.00258,16.00074\"/><path d=\"M 80.002812,64.00042 A 47.999683,47.999683 0 0 1 128.00249,16.00074\"/><path d=\"M 80.002888,128 V 63.907475\"/><path d=\"m 176.00225,64.000424 0,15.999576\"/><path d=\"M 64.003006,128 H 192.00218\"/></g>"
		},
		"usb": {
			"body": "<g fill=\"none\" stroke=\"currentColor\" stroke-linecap=\"round\" stroke-linejoin=\"round\" stroke-width=\"16\"><path d=\"M 48.042103,208.01896 V 112.07317\"/><path d=\"M 207.96306,208.01897 V 112.06638\"/><path d=\"M 80.026346,240.00316 H 175.97888\"/><path d=\"m 207.96306,208.01897 a 31.98419,31.98419 0 0 1 -31.98418,31.98419\"/><path d=\"m 48.042103,208.01897 a 31.98419,31.98419 0 0 0 31.984243,31.98419\"/><path d=\"M 48.035077,112.07316 A 15.992095,15.992095 0 0 1 64.027161,96.081066\"/><path d=\"M 207.96306,112.06637 A 15.992095,15.992095 0 0 0 191.97096,96.074276\"/><path d=\"M 64.034224,96.074284 H 191.97096\"/><path d=\"M 80.026346,32.112684 C 80.026347,23.280513 87.167829,16.000027 96,16\"/><path d=\"M 175.97888,32.105897 C 175.97888,23.273697 168.8322,15.999986 160,16\"/><path d=\"M 96.018393,16 H 160\"/><path d=\"M 80.026346,32.105904 V 96.074281\"/><path d=\"M 175.97888,32.105904 V 96.074281\"/><path d=\"m 112.01048,16.113809 0,31.984193\"/><path d=\"M 143.99468,16.113809 V 48.098002\"/></g>"
		},
		"video": {
			"body": "<g fill=\"none\" stroke=\"currentColor\" stroke-linecap=\"round\" stroke-linejoin=\"round\" stroke-width=\"16\"><path d=\"M 47.999992,48 H 160 c 17.728,0 32,14.272 32,32 v 96 c 0,17.728 -14.272,32 -32,32 H 47.999992 c -17.728,0 -32,-14.272 -32,-32 V 80 c 0,-17.728 14.272,-32 32,-32 z\"/><path d=\"m 192,160 48,32 V 64 l -48,32\"/></g>"
		},
		"window": {
			"body": "<g fill=\"none\" stroke=\"currentColor\" stroke-linecap=\"round\" stroke-linejoin=\"round\" stroke-width=\"16\"><path d=\"m 16,64 224.93778,0.09256\"/><path d=\"M 48,16 H 207.91114 C 225.62929,16 240,30.281849 240,48 v 160 c 0,17.71816 -14.28185,32 -32,32 H 48 C 30.281848,240 16.069099,225.73073 16.06221,208.01257 L 16,48 C 15.993112,30.281851 30.281848,16 48,16 Z\"/><path d=\"M 191.96444,64.092555 192,16\"/></g>"
		}
	},
	"aliases": {
		"file-csv": {
			"parent": "file-spreadsheet"
		},
		"file-doc": {
			"parent": "file-document"
		},
		"menu-left": {
			"parent": "sidebar-left"
		},
		"menu-right": {
			"parent": "sidebar-right"
		}
	},
	"width": 256,
	"height": 256
}